INSERT INTO DISH (ID, NAME, DESCRIPTION, PRICE)
VALUES (1, 'Burger', 'Classic Burger', 5.00);
INSERT INTO DISH (ID, NAME, DESCRIPTION, PRICE)
VALUES (2, 'Cheese Burger', 'Classic Burger with extra cheese', 7.00);
INSERT INTO DISH (ID, NAME, DESCRIPTION, PRICE)
VALUES (3, 'Chicken Burger', 'Burger with crispy chicken', 8.00);
INSERT INTO DISH (ID, NAME, DESCRIPTION, PRICE)
VALUES (4, 'Coca-cola - small', 'Coca-cola 200 ml', 4.00);
INSERT INTO DISH (ID, NAME, DESCRIPTION, PRICE)
VALUES (5, 'Fanta - small', 'Fanta 200 ml', 4.00);
INSERT INTO DISH (ID, NAME, DESCRIPTION, PRICE)
VALUES (6, 'Coca-cola - big', 'Coca-cola 400 ml', 6.00);
INSERT INTO DISH (ID, NAME, DESCRIPTION, PRICE)
VALUES (7, 'Fries', 'Fries 200 ml', 3.50);
INSERT INTO DISH (ID, NAME, DESCRIPTION, PRICE)
VALUES (8, 'Onion rings', 'Onion rings 150 ml', 4.50);
INSERT INTO DISH (ID, NAME, DESCRIPTION, PRICE)
VALUES (9, 'Americano', 'Americano caffe 300 ml', 4.50);


INSERT INTO COMBO (ID, NAME, DESCRIPTION, PRICE)
VALUES (1, 'Happy meal', 'Happy meal combo: main course, side, beverage', 13.00);
INSERT INTO COMBO (ID, NAME, DESCRIPTION, PRICE)
VALUES (2, 'Sad adult meal', 'Adult meal combo: main course, side', 12.00);


INSERT INTO DISHES_GROUP (ID, NAME, DESCRIPTION)
VALUES (1, 'MAIN_DISH', 'First main dish');
INSERT INTO DISHES_GROUP (ID, NAME, DESCRIPTION)
VALUES (2, 'BEVERAGE', 'Beverage 300 ml');
INSERT INTO DISHES_GROUP (ID, NAME, DESCRIPTION)
VALUES (3, 'SIDE', 'Small side');
INSERT INTO DISHES_GROUP (ID, NAME, DESCRIPTION)
VALUES (4, 'CAFFE', 'Beverage from caffe menu 250 ml');


INSERT INTO COMBO_DISHES_GROUP (COMBO_ID, DISHES_GROUP_ID)
VALUES (1, 1);
INSERT INTO COMBO_DISHES_GROUP (COMBO_ID, DISHES_GROUP_ID)
VALUES (1, 2);
INSERT INTO COMBO_DISHES_GROUP (COMBO_ID, DISHES_GROUP_ID)
VALUES (1, 3);
INSERT INTO COMBO_DISHES_GROUP (COMBO_ID, DISHES_GROUP_ID)
VALUES (2, 1);
INSERT INTO COMBO_DISHES_GROUP (COMBO_ID, DISHES_GROUP_ID)
VALUES (2, 3);


INSERT INTO DISHES_GROUP_DISHES (DISHES_GROUP_ID, DISHES_ID)
VALUES (1, 1);
INSERT INTO DISHES_GROUP_DISHES (DISHES_GROUP_ID, DISHES_ID)
VALUES (1, 2);
INSERT INTO DISHES_GROUP_DISHES (DISHES_GROUP_ID, DISHES_ID)
VALUES (1, 3);
INSERT INTO DISHES_GROUP_DISHES (DISHES_GROUP_ID, DISHES_ID)
VALUES (2, 4);
INSERT INTO DISHES_GROUP_DISHES (DISHES_GROUP_ID, DISHES_ID)
VALUES (2, 5);
INSERT INTO DISHES_GROUP_DISHES (DISHES_GROUP_ID, DISHES_ID)
VALUES (2, 6);
INSERT INTO DISHES_GROUP_DISHES (DISHES_GROUP_ID, DISHES_ID)
VALUES (3, 7);
INSERT INTO DISHES_GROUP_DISHES (DISHES_GROUP_ID, DISHES_ID)
VALUES (3, 8);
INSERT INTO DISHES_GROUP_DISHES (DISHES_GROUP_ID, DISHES_ID)
VALUES (4, 9);

